,kr,na
0,강선종,Velayy
1,Acro Nicole,bossoskills
2,덕소나몽이,sètsuko
3,이렇게 좋은 날,wasianiverson
4,Dunno what to do,jasonjava
5,배불뚝이 팬더,VX F2106138897
6,틈 빈,iiLucky
7,TTVBebe872,Cottontail
8,피부미인드록바,invecTiv
9,ezpacmanzz,Marcel P
10,Kanata Ch,kevyzhou
11,발 명,Spethom
12,아프리카 코스모,casparwu
13,Twitch 작은거인,VX15375231123
14,동서밤2,Rekk
15,쵸리네,sponcyy
16,strongs2xy,stop drop roll
17,InV Rea,dpei
18,고려헬스클럽,Devil
19,홀애비,Ljujohjtibse
20,PROSPEAR1,Stellar Minhee
21,아갓어,Yixin
22,오박사TV,EDG Tai
23,080602,Kayndrew
24,lllIllIlIIIIllII,POOGERS
25,My Paradise,elizabeth harmon
26,천연만화,C9 k3soju
27,소하봉주인,Nostereleven
28,wave to earth,Clear
29,1Chon,KinGKraXx
30,밀짚모자 쌍옆,Pawnup
31,Refine,Scytzer
32,DH CNJ우쭐리우중,ShortyBTFT
33,쁘보배,Dıshsoap
34,인피인피라위진,Dace
35,종범1,Trickygh
36,Trick C,NG Tae
37,희유성,2 Brain Cell
38,shanedu,Kyivix
39,꼴픽이,policecap
40,요르르륵,techzz cutepunch
41,한국방송공사,BrosephTFT
42,클레스메이트,Degreeº
43,오소리팔,iLoda NA
44,SIU,ThisJX
45,lllIlIllIlIlIllI,Garrettttt
46,우찌TV,V1L3
47,리롤왕 베인,godzillatft
48,imaginn,GB Spartan
49,김설청,Myucil
50,0r0l유,Vx19995814582
51,엘무무,mike4mike
52,Hwj,WakeyWakey
53,겸손은 곧 챌린저,TftCream
54,동탄예당중김정모,lemonPaprika
55,shungjinsoo,Vndaubuoi10
56,TwTF 김준민,Old Lodo
57,다 잘될고양이,Jeebabee
58,Lilow,Azl333
59,ZENIA TFT,Bulls0717
60,해설왕봉달이,HK kypa
61,롤좀하는가,Deøxys
62,우리크,SullyTFT
63,맛있는게좋아,TurboturtleX
64,음악교육학과,DeadlyCO2
65,김피틀딱,Mean Mister Kien
66,신수원 임,Incite
67,Sweet 3Bee,sad kings fan
68,TwTF 성연맨,ntcn
69,중 갑,Tohsaka Rin
70,Beshu,mD kramsey
71,에휴 지겨워,business acc
72,투 범,Darth Nub
73,착한초식공룡,Bandıt
74,초록소 이명박,xJoystic
75,선처없음,SpencerTFT
76,폭신폭신 구름빵,mason jar
77,시건호2,xiao dian dian
78,game0jang,emilyywang
79,카나야 좋아해,K3DUMBO
80,엉망진창 김대규,KevChen
81,journeyend,humbug
82,snoopuh,keans
83,김차보,Schnelle
84,뽀뇨뽀뇨유튜브,maytkdotna
85,99cm강화몽둥이,NorthKr Yush
86,isaac11,rudyr
87,sanitehlli,zHydration
88,선 해,JP gyalubaby
89,very ONESIX,TSM K1YOON
90,할리갈리오,iCopyKeane
91,봉어찡,Bwetro
92,용족충,AusiSlugs
93,The Deft,ECohmygod
94,gochess,milala
95,기모자,TSM Souless
96,hot hand fallacy,Wrap God
97,6해원,XSuneku11
98,noweekman,Syzon
99,대충본계정지먹었을때하는폰체,imigod
100,very SOON,inikoiniko
101,걍혜정,Hellcat86
102,랄까어이,WHALEOFPEACE
103,twitch 제이삽,VOIDS1N
104,좋은시절,Liquid Robin
105,김설지,chitosechitose
106,최치환,Binhja
107,기무형진,jeddimindtricks
108,뭐할라하지말라고,Evan UwU
109,어나인,headpat słut uwu
110,화난 적 없음,Renegade BH
111,뿔보 김뚜헝,BC Socks
112,초코빅파이,Nightbolt
113,은마유시,YippeeMaokaiYay
114,팔팔e,prestivent
115,관자빵,VX w2430679523
116,간발의순간,Broccóli
117,I초구리I,Melchy
118,탑미드정글고수,TFT Rex
119,Jisoo Rose,BoatCrew2 TTV
120,빙이fan 현이,annooyin
121,Checkk,VanillaXD
122,weto,Lux
123,초밥짱,okurokur
124,원빈팬,Volc4884
125,예토전생쮸링,Owlvado
126,일이삼사오육칠팔팔칠육오사삼이일,TheXienator
127,공략은 계패,Czk
128,TwTF 근열맨,Asd3356
129,Becrux,Clevarex
130,TwitchTV 트승경,mD Bepo
131,So0s,The 25th Justin
132,보토르,unx100
133,기열찢빠,VermiIlion
134,충주사과꿀주먹,NeamFromVietNam
135,나비는프로준비중,Azûki
136,응 애 창,RippleOverdrive2
137,fhfcpdnlgoaksems,Saibur
138,I Pray 4 U,OPS Appies
139,계정 삭제 잘해요,DrownedGod
140,Acro OHMYEYE,enaek
141,똥 영,Jiahuita
142,류 중,rollypollyy
143,luxfan,Drooolz
144,4 cheese no win,minj99
145,푸도로,Bad Young Girl
146,Luccl,Trade
147,하나아1,Kindlegem
148,연세대학교,cya nerds
149,CCLemon,arianagrandefan6
150,벨즈 땃쥐,Junguwu
151,환희03,ssaamm
152,산악 자전거,AdaShima
153,양념맛 간장계장,GachaGom
154,찬란하고찬란하게,Béaster
155,uuooy,Xi Wang BA BA C
156,록 찬,Xnieamo
157,인성노답쓰레기,vhutedbay
158,엄호대,Xannate
159,미꼴플,peapeepoopoo
160,Hicheuu,TTV Sushin
161,06년생 롤체1짱,Camysauce
162,여 심,Yammy
163,9ood bye,DoctorL
164,단간론파키리기리,me 1st or 8th
165,InV Doctor,I Am Josiah
166,롤체김병만,NA Sh0wmaker
167,lIllIlIIIlIIlIl,Ascènt
168,Love From9,im jack
169,mymaster2,Kageros
170,God Gyeom,Hebe
171,SIRUP,ªss
172,TwTF Choki,TheBigWen
173,범죄도시 김영쟁,theFrook
174,프리아 많관부,A Common Quail
175,최송이이,Sshade
176,노대충,Phoenixaa
177,정 장,Cambulee
178,essen Y,Pitzy
179,Twitch 김강한,Filup
180,후리스털,snap
181,잠온다 시시해서,robivankenob
182,GAYO,Slayingshot
183,어이없는갱얼쥐,Yogurrt RR
184,표 면,Quality Teammate
185,오키동키yo,Bradini
186,괴생명체 봉달이,tittemple
187,헬로woo,Ripple Overdrive
188,해탈한 구너,zoe only champ
189,숩 in,Variz
190,SNU Challenger,Sphinx
191,YOURLICHU,TFTDL888
192,유미로널지켜줄게,OPKen
193,unlord,JonathanTDA
194,1등양보좀요,MushyBeartatos
195,IIIlIIlIIlIIllI,Ramblinnn
196,엄준식도놀란5시괴생명체,Chovy Dopa Faker
197,두부로후두부,MrIncredibleTFT
198,콩ab,PhearzMeh
199,만어리만어,uwudamndaniel
200,다우니아야해떠,tyreaal
201,S2IS2US2,time boy
202,사람창,WFlame
203,토토로가싫어오,BBTYtft
204,김밥처럼 넌 만두처럼 달콤해,CHRISTOPHO
205,백두산수증기,mindful111
206,알파몽,TogashiYoshihiro
207,성호문,YoungPlum13
208,은혜갚은호날두,Fujj
209,Teukhan,JesusTeemo
210,방배동파퀴아오,Wíthin
211,마지막과시작,FoemanDD
212,역전할배,Logi Bear Is Lit
213,위치롤,Berend
214,mmaki,SourDairChampion
215,기 무 승 호,horsa
216,llIlIlllllIll,Flightzy
217,효비츄,89th
218,카미나리노코큐,Kazhu
219,고려대 엄티,ZoroAshu
220,멍청한백정새끼들,Amde
221,아리따운예쉬,TwerkForJesus
222,프되닉,kenya1
223,신난창주,Christribution
224,컁 캉,Shinoa
225,Jinsu Song,TurbineFreak
226,뚜 료,Rìptìde
227,발바닥위에,jusygocrazy
228,엄보리유튜브구독,bobbyex
229,flowlife2,DQA
230,절망과 슬픔,Freebìrd
231,fiuhadsjkf3,ChunChunMaru uwu
232,페이도,Ssamjangs
233,팔서뀨,Wannÿ
234,클린유저 홍성하,ShaneWho
235,서대진,orange tabbies
236,일등일등,roomesstls
237,3085438889788992,Rampage Jackson
238,아기꿀빵,ParadoxINA
239,KnowAHN,X1aofiremen
240,민트초코탕수육,TTV PotaroPham
241,틱광득,talon girl
242,김혁규 fan,FriedOctopus
243,압정좌,CGWOLFE
244,The Hecker,KnightCap
245,적사스오,Thare
246,갱왔음호구연기중,TFT Dd
247,surfwon,cybers abuser
248,왁싱 받은 봉달,snipergangyeebo
249,머리박기좋은날,Icey
250,devote,HoneyWhales
251,아 학교가기 싫다,Haz0v0
252,Japan Mango,foamgang
253,inspiir,mD rue loves you
254,Twitch yubinster,I Hated Jungle
255,서폿장인노짱,AssBlasterMaster
256,대빨나온핑구입,Ueckar
257,달 오,TTV WaterAsChase
258,킹카림,Du Uyên
259,쌔로하자,IllIIIllllIlIlIl
260,현누당,AirWoo
261,InV Arthur,ttv NicNac19
262,술살돈,61RD
263,서 머,kpk618
264,밑힌남자,Huunter
265,세계제일가로등,Papa Nor
266,꿀협지,Honeysack
267,킹 받 쪄,FweakyUnicown
268,설남훈,futchief
269,AD9,Gonge
270,몰야려,PETER POG
271,근데뻥,hoemaster123
272,언어장애3급,Hanneko
273,rorentz,Zapadose
274,부처사랑교회,sayquon
275,빠더코코낫,Dreynox
276,바미와함께,zstrong1
277,블랙최훈,FinaldF
278,귀 족,dogdogdog
279,우워란,qwâd
280,울주군낭낭펀치,Riot Loomykev
281,오띠띠띠,Toce
282,깨 우,GoodLuckClay
283,새벽녘 너를 보며,Agent8910
284,darimi0805,Headge
285,my paradigm,xHakuC
286,롤체가나를억까해,Cauz
287,아르니카,CommandoC
288,iStarNews,VX Hsueeeeh
289,진회는아가야,Spore
290,장주현,Notes TFT
291,아승언,BlakeAustin
292,애기도구쨩,Hexxen
293,JJseho,hnuisqt
294,1235468,YungYimTFT TTV
295,Twitch 공훈,Omani
296,꼬라박는AD,Eggplant Main
297,Summer Oasis,MegaGrega
298,3099025970996704,Infect1ous
299,철회랜드,TFTam4647
300,한요정,YeQiuXiu
301,용원부계,EGO GLITCH
302,gabriel jeju,L0523V
303,everything go on,Monahan
304,Doogba,Sentimenace
305,영원한애정고양이,Running300Golds
306,Luzesky,PsychoPenguinz
307,네 판,wonnered
308,모솔은마진주,cobocat
309,SanChess,DxnTFT
310,크로밥,Kaz Cross
311,JoyFun,maikaremix217
312,김 달 별,fsf
313,롤체용아이디TM,LegEndDairyDude
314,Spider,Labl3r
315,띵 땡,theOnLy1z
316,줘 너,IanSilang
317,AFTV 삼디,Sun Astronaut
318,운빨없는놈,Kovanel
319,타락한 라라라,mD aer0
320,SeiSin,jinjinlunk
321,o하늘빛파도o,Cheezysnacks
322,dunizuni,Diggizzle
323,꿀곡궁,wii wii woo
324,EJEL,Infernal Spectre
325,열심히짖어봐,YerAWizardAhri
326,Inativs,TheLargestone
327,취향확실한편,soobydooo
328,트름들,reForger
329,무난한ALL라이너,Avey
330,캐리머신비비고,VX Handu1998
331,선대군,Kio22
332,린 타,OolongTime
333,띠            명,Hyotei Atobe
334,정은욱사랑해,Theshyyguy
335,발암이분당,Knavz
336,켠 준 짱,xyxtommy
337,귤이달면좋아,Ni Zui Tián
338,TFT Estrella,yongbub
339,HooDBoY,DoosinShawn
340,불사단,KR Escha
341,욱캐리,luogdeptraibodoi
342,벗 덧,Forest Hermit
343,엄준식사냥꾼,Diejoubu xD
344,채다즈,devlus
345,그냥 너,Big Milky Mommy
346,군침이 싸아아아아아아악 도노,Kranos
347,용용이의 분뇨,AIIesandro Santo
348,xzI존고수123x,enchabi
349,해설자 클템,BIG FAT FISH
350,Stiis,Bèrgs
351,kdh 제드,Riot imowt
352,하우애벌,jax w da blicky
353,기호떡,ßplashy
354,실수로리롤두번,Doenjang Jjigae
355,lIllIlIlIlII,dementedgraph
356,이당흥,TACOBELL WlFl
357,IlIIlIllIlIIIl,Xellerex
358,팔협지보다잘함,matthewk
359,못먹어도일단고,DameConcombre
360,솔킬따이지마셈,ALeaffy
361,갓무비,dajiui
362,채수채수밭,rcs IV
363,야베스,XTheFarmerX
364,My Parasite,HarmlessPikachu
365,yh25,Jay
366,꼬츄가 큰 사나이,Young Tactician
367,z천하무적고경이z,iitsDND
368,창의적인 인공지능,KrispyMango
369,Crebo,ASIANGUCCISQUAD
370,dbsrl,Hobodude
371,caelitus9,Squizz
372,롤체 챌린저 출신 다시 강림,matchamoe
373,응애 나 애기보리,TropicalCrayon
374,Fur her,tft ren
375,롱 토 체 스,WishForest
376,douyu4421,Theworldisunfair
377,짜식군,Summèr
378,스펠도둑,Cochrain
379,준처님,2108
380,8 n 8,razora
381,위장티어,VX xxtouzhu
382,액션힝,Matty T Ice
383,nikaaaaaaaaaaaaa,Attack
384,구마우식,Zaddo
385,줌갈리,Bhris Richter
386,체스대충하는사람,Keesoferr
387,Zl븐충,Hìkari
388,Dark Knight0,Ego Climax
389,시 곰,RickyZigZag
390,순방요정,Mortdog Augments
391,hide on bupyeong,liveloveTILT
392,양치돈,travis scot meal
393,혼합리듬,godsgreenearth1
394,Olga Ivanov,Tabemono808
395,나만운없는TFT,Ramenblitz
396,A maestro,Magick Tric
397,성 난 앵즙,Testificate
398,낚시도구,yungbandolero
399,잼 능,JimBR0
400,Mutalis,tboy PhD
401,Kirschblute,tdubs007
402,치타의은밀한계략,zugrug
403,호우시탐탐,iiFaded
404,봉달이 여친,BruisedByGod
405,오빛깔,KurumBusinessAcc
406,뭔가 어렵네,DragonNonos
407,arolee,peaked in set 1
408,이산신호처리,Horikita Súzune
409,한나두울섹,Hammstyle
410,나와 나타샤와 흰 당나귀,Deeks241
411,생명의가치,TTV DarkAuraLOL
412,쉐르비,zddd111o
413,WINTER IS COMlNG,becca tilts
414,진정한 용기,LittleBlindMoose
415,개못하니깐,Rainplosion
416,피비린내파마,grafo
417,씩 건,Nguyen Dixie
418,하위기,SiuPoMen
419,재찬이만보고산다,greorge
420,조만옥,pkfiyahhh
421,병빡이,Bing ChiIIing
422,태윤이와함께,ilikeike
423,Lv 1 미드,apples3
424,개그코미디,Sehnbon
425,녕준이,realityfiction
426,초밥집갑바도둑,Eggsplorer
427,과천롤체킹,XO TOUR Llif3
428,콧수염로망스,Kaíro
429,assault rengar,Yardang
430,배 서,TTV GGBrick
431,킹릴구,80Gary
432,dremzxc,Taesunjin
433,재똘뭉,Oak Trunks
434,영원한사랑을,yolomycolin
435,인성터진권이제,kSpRaymond
436,회 계 학,Drycat190
437,리용우1,yeah boiiiiiiiii
438,엉망진창 니얼굴,TeamTV
439,챌달리기,Khroema
440,요들군주 조연호,Narminion
441,여고생하십니다,Donoball
442,화내면 지는게임,Hypnoticus0108
443,꼐 속,wulffman101
444,AlR 재은,DuDu
445,다 이,Rifting
446,힌 칙,deƒt
447,wang zhe wei,BrevinGB
448,박원일,Sign4
449,학송이,yourdazzlingttv
450,Acroads,zayteh
451,함맹룡,Spicy Beef STU
452,Easiness,JohnnieTFT
453,a hickey,IG DuPiBPAPA
454,그는늘2대1을했지,Zero Mastery
455,솔율솔율솔율,Antimi
456,밤ing,Pivot Valorant
457,온리파밍,O Hubby Sam
458,나는동후,Modelicious
459,Wishing For You,Guild
460,모하시나요,Wangstie
461,억까쟁이,Zutter
462,조 득,Snoopyball
463,stonebaby,dontbullme
464,우갸갸,Riyaz1 TTV
465,식선생님,buu buu desu
466,썩꺼져,1Shi
467,텐텐펀치,beedaves
468,검푸른 잎사귀,rain shade
469,호리미야리메이크,mlxgmj
470,오 사,Kåt Whisperer
471,와라이오니,looted
472,쏘 옥,LilTop
473,xing fu mei xiao,Mitica
474,Not Scythe,Chandler14362
475,빈둥이잉,Marvelous Muffin
476,덜못해서올라가기,ReStyLeD
477,New A New M,edward925151
478,EARFQUAKF,espressos
479,임 대,Theblender101
480,스피어샷,NaturalSponge
481,Code 블랑,Akandoth
482,2022년2월30일,ClutchinPenguin
483,선봉대만합니다,Thwackey
484,학식고래,superfunnydude1
485,리스망,KBBQ Rice
486,메카잭스만함,ttv BreaDtft
487,모 비,beta simp 69
488,q OuO r,SIeuth
489,절대안져성순,Tertiam
490,모데카이저모데요,Ausente
491,IlIlllIIlIIIlIl,throwawayKJ
492,Kaimaron,BigASpecialA
493,이른 봄 내린 눈,Tefrangs
494,희원사랑나라사랑,OneKhang
495,진우의도비오땅룡,Ragesbury
496,6IxD,DoYouWantSomeTea
497,조공조공조공1,Darth Tyrone
498,구지Gang,TurtlesCanFly
499,중현x,dong bei hu
500,호 까,VicDaDic
501,샤계하계,threat abuser
502,0I정환,ErósX
503,채팅치면존야삼,Aerizyl
504,DirectAttack77,TheLittleLam420
505,디안드레 봉수,OneButtonHero
506,그아재마,xShamizen
507,여름엔김바덕,WarpedMirror
508,궈뇨진,MiIk Gay
509,TAEGIEE,elitesoldier21
510,서 경,Kuuguya
511,스릉행,dooshbaby
512,씨달리,Buggawolf
513,WinMo,Totoma
514,죤나빡치네진짜,August Heart
515,물개의 호흡,Spicy NoodIes
516,김하택,frothy123
517,여자면친추좀,Maki Roll TFT
518,던파정공,SISUMM
519,후암동 블츠,HaelPhael
520,필통이,Themilker76
521,김대빤,Steins
522,Hz 이서민,icU
523,참새는어흥어흥,Ethernus
524,huhuchu,Not Mouz
525,솔이누나 이쁘다,kokomiina
526,수소같은멘탈,MKG goes in
527,저스멥아니에요,C9 Soo
528,윤상희,Hafu
529,돌아온동네북,Tynee
530,학시경,Phrancium
531,고고개미,Kain TFT
532,TFT HAK,just reptar
533,너 팬티 속 내 손,Pepega in TFT
534,대머리봉달이,dunyosaur
535,ACheat,DI YI SHEN QING
536,원딜 주세요오오,DengJason
537,Wcc Good 6940,Projectiles
538,빵대가리,I will trade
539,Yunie,ConnorDiesLast
540,92년생 아군,Granøla
541,망각 베인,gmeow
542,방호레,iswimwithshark1
543,Xayne,deeekayy
544,페아비네,Eric Wei
545,롤안하는중,YummiBananas
546,롤체지존킹,PokerDegen
547,빡근수,Q A
548,bott no,FeNehosism
549,KT   DY,V13065826173
550,딜포터연구소장,SuperF1sh
551,프리아 바밍밍,BarzCarz
552,CHESSKlNG,Starfirephoenix
553,날아가는새를보라,Dad2Point0
554,bie tiaopi,Selliry
555,포 포 룽,The Gabbaghoul
556,행운의 꿀렁이,Vuo
557,JamSin,Conzie
558,되게 불안한 사람,Yellow Kid
559,발광자,Zoovy Zoo
560,온달이요,I Am BonAppleT
561,뒤가없는 결투가,Gurpin
562,Harlow J,Blue90white
563,새하얀하얀새는오늘도평화롭습니다,Zuxe
564,태욱이부캐,NotNotGeno
565,오토체스계정,Paul Allens Comp
566,동현이챌린저,pi2718
567,강아지이,Yumm7ii for Ares
568,Let it Rain,u3k zz
569,혜원둥이,Shrugeg
570,참새똥꼬치질,073184805835
571,베리베베링,Aesah
572,롤체고초수,TheKarmaHunter
573,공릉동 핵빠따,LALISALA
574,머쓱코쓱,Kanyes Mittin
575,도도도도독,itzrain
576,도 톰,Cruchaga
577,서 유,Buy me Melona
578,Acaron,12FiendFyre
579,나르가능,Blaku
580,전주비빔빱,Shuang Shuang
581,라쟈냐시카고피자,BooWee
582,협곡예절주입기,chiuonthese
583,정리왕,AP Maokai Only
584,해저의 탑 더시드,Cane Rack
585,랑리아리랑,AerionI
586,CooRlo,n9vb2364ytw8od10
587,롤체스메시,BBEAR DOTA
588,m9st6r,Fakkula
589,써노우,stevoo
590,최제라드,FreshVeggies
591,팀을탓하지말자,TheeFranchise
592,선공을양보하겠네,Papa Lev
593,휴면계정12312331,Nicharonii
594,Hz 용기,Maurice Cheeks
595,태풍클럽,Bea Quality
596,ten toes,Ala
597,녀 준,Kaune
598,Diversion,CarryPoz
599,give sup plz,qahm
600,드로우갓겜,papercheeze
601,원요일,Radical Rodent
602,Noxian Crow,1exar
603,오세백,GurtG
604,개비융신 판독기,Aahph
605,더럴이 부캐 부캐,BrownRaft
606,오늘넌보고배움,FP0
607,세나릴,Protect Scroll
608,9호선흑석역,Buzzster
609,블루해체분석기,DanielHam
610,락득구,Zellera
611,bewitch,Outoftoon
612,개같이 쳐맞기,Intend
613,힝 구 율,Cephillipod
614,세 숭,mikNosaj
615,말 링,Jamîe
616,EOM JU ESEOK,BeefCookies
617,부러진 마음,SansNickel
618,간짜장찍먹,M4azilla
619,sss3678,JuneBug21
620,산림치유지도사,devantebalalalal
621,악한 녀석,marmle
622,THE SELFIS GENE,8 Y
623,초보끼리합시다,LE FU LAN
624,LemonCafe,Enzile
625,배불뚝이 현자,Atroveon
626,웃음빠이러스,Pizza111
627,골드게이지,paragongamer773
628,무 리 멈춰,Sixela98
629,별 수호자 봉달이,H tí hon
630,Sacred world,Jlaw11
631,우 곰,a madmans diary
632,WooJ2n,Jojolionz
633,상한당근,BestXB
634,DragonBa11,5qwerty
635,Absolute 찬,k3sojuslilbro
636,난 강아지없어힝,1st OR 8th ONLY
637,쿠키키운다,theheroisgone
638,Elatha,Jupiters
639,정점 강도깨비,taskforce222
640,렌쯔의법칙,SmashingPumpkin
641,동네할매폐지찢기,songofbirds
642,Gurumi,Toolmaker
643,bibalgod,Z3R0 DR1V3
644,강남콩밥,Malabrah
645,steph curry,Necrosìs
646,Curinga,Phamooooo
647,겸땅우,eneggnoy
648,수정아파트,ddann
649,퐈피는 잘못없어,BG EUNSEO
650,황더견,Pr1vateisPenguin
651,농구는위대하다,proton0
652,술살돈보고배움,Brendini
653,S mao,Ghost3879
654,가게두는카서스,Tríck Room
655,헤카림케인,Rokuyo
656,YingXuanZZ,junglebook1
657,탱커그랩서폿,Puppy Astronaut
658,구미깜진,Ajido
659,MakDoo,Arouyun
660,얼음동동헤이즐넛,Jason Shen
661,의정부 롤체 1등,RageRayor
662,잔계나오는사람,angxiii
663,유미벤해주세요,userwet
664,k4sp3rsky,Bong Cholling
665,팥죽팥죽팥죽팥죽팥죽팥죽팥죽팥죽,iMyron
666,깨로록,Sserendipity
667,Calm Pray,MyCurry
668,송제송,blazuh
669,bds,Łarry
670,강트린,ducky bathhouse
671,므네짱짱,waterquake105
672,강도깨비커여웡,KaeJae
673,랩동젤,Ghuggs
674,6논술 가즈아,molloyz1
675,권노아,nightfury21
676,로또1등떳냐,sehm
677,KaliYa,Shiitaro
678,5코 3성 두두등장,HOBINsb
679,Hyp66r,zzz Rain
680,사기칠줄모름,iBacontastic
681,신나게 굴러요,UF Fyrat
682,꾸러기닌자도토리,Piped Linkrat
683,형듀야,EdgyFellow
684,열심히일을하자,TTV thekrayc
685,여고생모순니,badben1000
686,나는 기여어,HayasakiuwU
687,트수급백수,andrewluo56
688,넌 트,AceOfJacks
689,백머현,Kelpie pyke
690,레몬맛메론,MajoritySC
691,타란과춤을,sleep and loaft
692,태후앓이,dlwlrmã fan
693,영 태,DLineman
694,T1 골픽이,YeezyMoney123
695,그거그거그거그거,bisherbosher
696,디 펙,0megaRhythm
697,하루한번1등할때까지,toastingho
698,cheveux de lin,Lyka
699,황드븐,deformedpepega
700,반말시똥꼬햄스터,Takoballs
701,포도밭여우,itsDinodan
702,슈퍼탁,AvAvAAAvA
703,TwTF 인천피스트,Slow Roll
704,염코코,Vienky
705,절대좌절하지않아,Riot DecaDonu
706,운이너무없는사람,Sasis
707,콜라곰 춤을추지,MaZzzzEee
708,인스타 hu013,HyunTer
709,이재한순경,tsbek
710,맨도르장군,deathstar0818
711,TFT 가 천,RareAir
712,조선족이에요,Wzyqaqqq
713,Evelynn,Leaf Wandering
714,supplemen,ikickyou100
715,Yone Yasuo,Avenger152
716,계란야채말이,imriveting
717,병현짱짱123,divdav
718,임여엉박,Gummbi
719,영웅증강체삭제좀,Omnomsy
720,Heaven,SethKaiba
721,give up all,MiKaisa Ackermen
722,시니컬현배,MZhou
723,루루털뭉치,ShareADrink
724,배 미님,DaddyTFT
725,매판매판진지하게,sucksuko
726,귀염뽀짝순규,yi bang  yi ge
727,황검돌,Ozl
728,피카츄,WizardTFT
729,5등도잘한거,troomoo
730,자체발광,BlueYelloBarcode
731,공군 유병장,cwcrkznnrti
732,안녕 나는 자크야,Gooseberry
733,ALYAK 3BongJi,Program
734,바삭한빵과강선종의딥키스,DocPwn
735,고건희,bigbangpop
736,03 10 29,Beeftipsy
737,노진구빈,RonnieCyx
738,Shyu,Homesick
739,T1 결음,Coıe
740,힘들다지금,ImDnBtw
741,Twitch 원벌레,Ðiónysos
742,솔의눈에깻잎절여서민트초코싸먹기,Asîan
743,acro 상mini,Riot DLim
744,반로제,Salladhor
745,새콤쪼콤,KilljoyMex NA
746,Historic,Artresis taken
747,앰생호,Tsunenori
748,세차쫌해주이소,Runa Sama MUA
749,양1양2양3,FannyFlattener
750,띵 뗑,trll
751,AZlR,red onion
752,lllIIIllllIll,BrandonTFT
753,조청쌀유과,Dog in disguise
754,호스내꺼야,arnoldii
755,Hz루시안,WaitingforGodo
756,kshla,NeigeRenard
757,스노우타운까마귀,BedgeBedgeBedge
758,소망의 실현,cheèse burger
759,림 푸,Hamtaro
760,공감세상,drezzdie
761,TFT 노을,Minion Toes
762,정메뚝,snc
763,Shopping Cart,MyHarryNuts
764,티모 정점,CR Hoonster
765,남부빠른손절,zhainan
766,dotolol,sojus imp 69
767,아이언몬,Benny Hung
768,xxxxxxxxx,Tranip
769,롤체 전문 한의사,19OO
770,Ookami Mio,Adikar
771,팀탓하면템팜,fxzsgdbly
772,CS공장,Yangsoon
773,Setakbinu,Laplace Tails
774,Alpaca0,Ktenology
775,해병짜장한끼,Aiyah
776,창원홍수남,pwp
777,AppleJack,lockhart
778,레나타 선글라스,Floobed Myself
779,Phins,Liquid SV
780,밥 찌,Cody Done
781,잘자네,One Reason
782,있을때잘할껄,DirtySodaSprite
783,르바르바2,Ryukuru
784,냉면짜장면짬뽕,Sliced Mango
785,인생닭발돈부리,Linnie
786,Real Realized,Mos Eif
787,따봉바드야고마워,25percentSyrian
788,관리회계 전경민,goatmeowriceeat
789,dokimmeisler,super wakaka
790,존잘진태,SmoIl Snail
791,LongZhu,Fking TFT
792,마빵단이나가신다,Kiriusaion
793,MID 오리,Bad With Darius
794,이른무,U v a j e D
795,괴물쥐신속저격,Xenoidan
796,지상최강마스터이,OC TryHard TFT
797,TFT 정영빈,Cha Derekwoo
798,노갱시버프싹쓸이,Drago9899
799,뒤집개는필요없다,Fayrl
800,브론즈학살르블랑,jwhur
801,BaK RyeonG,Windy Afternoon
802,라사압소 베리,Arcmyst
803,LM2,CoolCatamoto
804,wree,Nadal
805,퓨얼스,Oreo1367
806,체스는 질병이다,Flashbâng
807,제대로좀해라제발,Koryean
808,애완용수달,Creeperhammer
809,롤닉생각남,niise
810,배부르고졸리다,denk248b
811,존잘큐티섹시청순미남사나이김근식,orangebanansa
812,양산 문재인,nate025
813,두 훤,PinPinx
814,루랑이52,4th Self
815,밤컴함,Fμdo
816,아기대북,korok
817,S69E74X892,ShowDick3r
818,지9별,Shallahallamalo
819,판수때려박기,GreatPimpNA
820,진격거인주호,lentaofeed
821,만두라에몽,Ashemoo
822,말하고싶은비밀,Rainb0w Six
823,김라곤,weed is not ok
824,가카그캐,Keima
825,즐라탄이모브라다비침,Yocojo
826,stable16,PhDan
827,하얀 달꽃,BDonger
828,잘팔아,Gangst
829,Alkain,Isiahyukk
830,이미스,WutPu
831,dfkljghdklfjgdfg,Cheney
832,맥심슈프림골드,FoolsPlays
833,Deception,88665720
834,나아이디뭐하지,miller1674
835,보리보리님,LudaRocky
836,노예 공주,CastleTTV
837,원딜 전문가,l1luziv1rt
838,제발사리기만해라,rereplay
839,화는이성을흐린다,captain kookie
840,drogba7890,JoseppiRAT
841,스님유륜털,lolMatinxD
842,눈으로 죽애브러,HypnoLlamas
843,신수까막,ShadeWalkerz
844,파라노이즈,kingofconquestlv
845,낭만탱커 김로밍,Jonathañ
846,RrardGod,marcellasne
847,짹짹이 3성,2jho
848,혼신o,Doruwaza
849,소윤지,Campanulatae9
850,힙스터팔차선,500 Days of Mech
851,반여름,sachula
852,말자석,mgnpbh
853,Morrok,ddowler
854,남은음식,HokkeMirin
855,행복을부르는기도,BigTiddyGothUwU
856,팀 플레이어,UrnotFu
857,으 이,Try Octopus
858,마이리신만함,TreatMeLikeAFool
859,박으면서게임하기,DodoCow
860,Mexican,Pro Thrower
861,YoNo,Ashayuni lives
862,잘난것들아,joeynguyen
863,Twitch 날씨,HT ARaye
864,먹는게세상에서제일좋아,Spíritbox
865,강지비30,Spóòkster
866,노갱시포탑에박음,TSphere
867,Thai Mango,PotcliN
868,실 세,BurntFrie
869,실리키안,sAvîOr
870,파랑새v,PhinzFPS
871,넌 미대 오지마라,bullettrain69
872,WTS,Sp00kle
873,3star gwen,Aerofall
874,앞방늙은이,nomidgankiint
875,MEDONA,TeaJ8211
876,커여운펭구,TrojanSean
877,Steelo,TTV MinimalNebby
878,흔 래,Fat Ectomorph
879,pk뮤 즈,gooneram
880,BTCLTCLINKTHETA,Zirix
881,DAMWON fans,husworld
882,Vincom,FLUSHBoyGABE
883,버0버0,Bread Cat Bounce
884,중국인 생배 원챔,RoffleCake
885,나만운빨없어,Nayeonaaa
886,롤체칼바람만하자,Shacs
887,지구는 둥구니까,14th Dec
888,dlqudrhks,Tidder7
889,Oxs,Vincere Mortem
890,Diamondqrox,Rizulix
891,맹하이이,ttv Advisings
892,june1,WhySofaKing
893,응급실테이블휴게소,Tsmmaa
894,요염부츠,Sunspeed
895,다YEE리,Zanazerge
896,원해서그런거아님,fan bu fan a
897,에코좀 주세요,sylvirFang
898,khan5,r3fIexti0n
899,ROOT SuperNova,ChaeyoungChoppa
900,시 도,Dragon Ro11
901,ChadsVas,Cloaking
902,스님도 딸친다,Lil Lien
903,난 퐁,SaveAsUntitled
904,석광이,kunyuan yao
905,갓쨔우,Ckarrack
906,qlekf02266,Bcraz
907,콰드릭,So Wurf
908,남시기,dankmemes01
909,베이스 여왕키키,frgtrr
910,짱 준 우,ccbrians
911,Heysorry,DvAftdaD
912,무파마에계란추가,ccasely
913,꼬마펭구리,NO LOVE DEEP WEB
914,고구마냥지까스,Rehsif
915,총잡이 정찰대,JinJu
916,야생동물뜨또,YaNevaKnow
917,조몽스,JZhu
918,폭포선생,Lil BoBo
919,라멘츠,ttv RedEyedSoul
920,마 쌔,boolin
921,백수좋아백수좋아,KurumsBodyPillow
922,TFT Kiyo,ßing
923,프으로토,Reliable Korean
924,봉달이따먹고싶다,Fleets
925,욕하지말라니까,Kairõs
926,케케몬,Trebor
927,쿠크리쿠크리,Vethion
928,현수달,PureTrashBoy
929,폴리스,Didactic1
930,대머리김문5,ƒine
931,손헌제,ahuang
932,젖소부대,yes ll yes
933,친추 주세요,hikienawa
934,아귀츄,kaedenec
935,제로콜라주세용,NADananana
936,빼꼼0I,wovencord
937,종뚜님,LICK ON MY CLIT
938,kissphs,HobbitSnacks
939,인시그니스,noahzhang
940,Lemme,lesserafim kura
941,먹이감사요,Sleepwalker303
942,BJ팔협지,dsdsdsds
943,팟돌이,EJFrames
944,배우는훈,Soranthor
945,채우주,Resumé
946,보 상 2,ColorLock
947,EYEFEEL,Dr Tungus
948,TwTF 민다빈,Simple Plan
949,vivid,huyg
950,퀸나르,nine names
951,긍정의힘을믿어요,DavidAs
952,에스급,LearningToPIay
953,위스키,Sonsational
954,재 필,SlUUUUUUUUUU
955,김매미2,Convolution
956,불타고 계십니다,NanGong WenTian
957,재공소년,OFFTHEPERCS
958,레오냥,Alex Ha
959,명선님,Ayetrix
960,바쬬바쬬,DonaldTrumpTFT
961,카메라맨 정준영,Anaax
962,무아무한무념무원,MLV Red Dog King
963,오벨트,JąY Løve Kąt
964,낭만소녀 전유주,LOVE  IS 2 SWEET
965,나이게영감을줘요,Iluvutar
966,수여니1,nings
967,tccc,Husklez
968,보직스,kidatsfresh
969,빈둥잉,jdzielinski22
970,멍뭉아 울지마라,morticiakk21
971,연천군대영이,Swordempire
972,콩 G 팥 G,daronaTFT
973,녹아들어,Queensby1
974,정릉꿀주먹,Gâo
975,cafecaffeine,Necried
976,라 덴 이,iiShaker
977,물오른솔탑,ITruongHipI
978,고읍동 새콤주먹,Gatinois
979,쌀협지,ch6n
980,뉴욕치즈으,djneatway
981,Ol주야,Maxxxers
982,부모님관짜기선수,ExTIRIA
983,fanny1,vanoffthewallz
984,거미킹,EpicSoyMilk
985,JlRALKING,peewee1
986,기발했던 그브,Narutos Buttplug
987,한라산물방개,chobo86
988,5ERGIO,3rara
989,crumbled cookie,Sprayquaza
990,30day,Bigly Wiggily
991,탑 제이스,2kool4u2k9
992,꿀뀰꿀,MikeyŽ
993,justbelif,ainoi
994,서버접속 에러,Darvinism
995,빅딜의 정인제,Inting Socialist
996,아팟쪄용,Ditonik
997,marlborogold6mg,lulalualala123
998,YL1992,Notorious 3 LIfe
999,멸치학살,nathen7
